model,MAE,RMSE,MAPE
Prophet,924612.3596675515,1193483.5222850982,9.46945675278463
ARIMA,1320791.6880109513,2211130.0619917098,11.55798361124186
